[{"Name":"Flower pot","Price":17.99,"Description":"Round ceramic flowerpot for your cosy house. Available in several sizes.","Amount":10},{"Name":"Bath towel","Price":6.99,"Description":"Extra absorbent cotton towel, very wash resistant - will serve you for years.","Amount":3},{"Name":"Irregular shaper candle","Price":19.99,"Description":"Candle with an irregular design. Burns up to 30 hours.","Amount":1},{"Name":"Wool stripped rug","Price":52.99,"Description":"Rectangular wool rug in a combination of colours. A perfect for dull floor designs.","Amount":14},{"Name":"Bar hand soap","Price":12.99,"Description":"Rectangular hand and body perfumed soap bar. It will hide all your naughties consequences","Amount":13},{"Name":"new product name","Price":82.9,"Description":"new beautiful product","Amount":7},{"Name":"Flower pot","Price":17.99,"Description":"Round ceramic flowerpot for your cosy house. Available in several sizes.","Amount":10},{"Name":"Bath towel","Price":6.99,"Description":"Extra absorbent cotton towel, very wash resistant - will serve you for years.","Amount":3},{"Name":"Irregular shaper candle","Price":19.99,"Description":"Candle with an irregular design. Burns up to 30 hours.","Amount":1},{"Name":"Wool stripped rug","Price":52.99,"Description":"Rectangular wool rug in a combination of colours. A perfect for dull floor designs.","Amount":16},{"Name":"Bar hand soap","Price":12.99,"Description":"Rectangular hand and body perfumed soap bar. It will hide all your naughties consequences","Amount":13}]